sport,nickname,player_wikipedia_title
NBA,Shaq,Shaquille O'Neal
NBA,King James,LeBron James
NBA,Black Mamba,Kobe Bryant
NBA,Magic,Magic Johnson
NBA,Dr. J,Julius Erving
NBA,The Answer,Allen Iverson
NBA,The Admiral,David Robinson
NBA,The Dream,Hakeem Olajuwon
NBA,The Mailman,Karl Malone
NBA,Pistol Pete,Pete Maravich
NBA,Greek Freak,Giannis Antetokounmpo
NBA,Steph Curry,Stephen Curry
NBA,KD,Kevin Durant
NBA,CP3,Chris Paul
NBA,D-Wade,Dwyane Wade
NBA,The Big Fundamental,Tim Duncan
NBA,MJ,Michael Jordan
NBA,The Beard,James Harden
NBA,The Glove,Gary Payton
MLB,A-Rod,Alex Rodriguez
MLB,Big Papi,David Ortiz
MLB,The Babe,Babe Ruth
MLB,Mr. October,Reggie Jackson
MLB,Pudge,Ivan Rodriguez
MLB,Pudge,Carlton Fisk
MLB,The Big Hurt,Frank Thomas
MLB,Mr. November,Derek Jeter
MLB,Hammerin' Hank,Hank Aaron
MLB,Charlie Hustle,Pete Rose
MLB,Big Unit,Randy Johnson
MLB,Ichiro,Ichiro Suzuki
MLB,The Kid,Ken Griffey Jr.
MLB,Say Hey Kid,Willie Mays
MLB,Stan the Man,Stan Musial
MLB,Mr. Cub,Ernie Banks
MLB,The Rocket,Roger Clemens
NFL,Prime Time,Deion Sanders
NFL,Megatron,Calvin Johnson
NFL,Sweetness,Walter Payton
NFL,Broadway Joe,Joe Namath
NFL,TB12,Tom Brady
NFL,Beast Mode,Marshawn Lynch
NFL,Johnny U,Johnny Unitas
NFL,The Bus,Jerome Bettis
NFL,LT,Lawrence Taylor
NFL,LT,LaDainian Tomlinson
NFL,Gronk,Rob Gronkowski
NFL,Joe Cool,Joe Montana
NHL,The Great One,Wayne Gretzky
NHL,Super Mario,Mario Lemieux
NHL,Mr. Hockey,Gordie Howe
NHL,The Golden Jet,Bobby Hull
NHL,The Rocket,Maurice Richard
NHL,Sid the Kid,Sidney Crosby
NHL,Ovi,Alexander Ovechkin
NHL,The Dominator,Dominik Hasek
NHL,Mr. Game 7,Justin Williams
Soccer,CR7,Cristiano Ronaldo
Soccer,Zizou,Zinedine Zidane
Soccer,King Kenny,Kenny Dalglish
Soccer,Der Kaiser,Franz Beckenbauer
Soccer,Zlatan,Zlatan Ibrahimovic
Soccer,El Nino,Fernando Torres
